"arrival" ,"vars" ,"n"     ,"mean_delay"         ,"sd_delay"       ,"median_delay" ,"trimmed_mean_delay" ,"mad_delay" ,"min_delay" ,"max_delay" ,"range_delay" ,"skew_delay"     ,"kurtosis_delay" ,"se_delay"        ,"origin_icao" ,"variable"      ,"rate"               ,"punc"
"SBAA"    ,     1 ,     69 ,    2.02898550724638 ,7.68300457176663 ,             0 ,    0                ,     0      ,          0 ,         40 ,           40 ,3.73029940663622 ,13.1013152391882 ,0.92492505963399  ,"SBAA"        ,"delay_arrival" ,    2.02898550724638 ,0.927536231884058
"SBAQ"    ,     2 ,    275 ,   11                ,21.4443414120785 ,             0 ,    5.94495412844037 ,     0      ,          0 ,        136 ,          136 ,2.81715219660516 ,9.94969456494691 ,1.29314244254808  ,"SBAQ"        ,"delay_arrival" ,   11                ,0.727941176470588
"SBAR"    ,     6 ,  88150 ,    8.75367150817365 ,90.2743021871228 ,             0 ,    2.27089191722547 ,     0      ,          0 ,      14391 ,        14391 ,117.501409188297 ,16719.5391047605 ,0.304055582646182 ,"SBAR"        ,"delay_arrival" ,    8.75367150817365 ,0.839780344020027
"SBAT"    ,     2 ,   4135 ,   13.2038310412574  ,253.266204382945 ,             0 ,    1.72651933701657 ,     0      ,          0 ,      14393 ,        14393 ,50.5361856810488 ,2707.16686303179 ,3.93857830961604  ,"SBAT"        ,"delay_arrival" ,   13.2038310412574  ,0.850687622789784
"SBAU"    ,     3 ,   3764 ,   11.9618889809445  ,123.065740349219 ,             0 ,    3.40835346910597 ,     0      ,          0 ,       7191 ,         7191 ,54.945028403774  ,3195.54681766661 ,2.00591423948252  ,"SBAU"        ,"delay_arrival" ,   11.9618889809445  ,0.803093068213201
"SBAX"    ,     4 ,   1051 ,    8.10770750988142 ,22.1237250160764 ,             0 ,    2.19753086419753 ,     0      ,          0 ,        160 ,          160 ,3.70320813791033 ,15.8546632648591 ,0.682428088303788 ,"SBAX"        ,"delay_arrival" ,    8.10770750988142 ,0.83399209486166
"SBBE"    ,     7 , 302598 ,  444.258263085405   ,67085.7304606726 ,             0 ,    3.49640229948265 ,     0      ,          0 ,   10519568 ,     10519568 ,156.575557492416 ,24542.8959438155 ,121.954302401524  ,"SBBE"        ,"delay_arrival" ,  444.258263085405   ,0.802061583547941
"SBBG"    ,     1 ,    654 ,   14.625            ,24.7380723222773 ,             4 ,    9.18090452261307 ,     5.9304 ,          0 ,        199 ,          199 ,3.15531207812857 ,14.0694759265895 ,0.967335176062276 ,"SBBG"        ,"delay_arrival" ,   14.625            ,0.701612903225806
"SBBH"    ,     7 ,  69748 ,   11.2873843442503  ,150.604830157485 ,             0 ,    2.58127111176384 ,     0      ,          0 ,      31785 ,        31785 ,165.17376671079  ,31613.0382645243 ,0.570260146382735 ,"SBBH"        ,"delay_arrival" ,   11.2873843442503  ,0.823219268615068
"SBBR"    ,    10 ,1199117 ,   11.2212129929688  ,1459.0390950785  ,             0 ,    2.89874097828018 ,     0      ,          0 ,    1578268 ,      1578268 ,1071.59238492428 ,1158494.03694015 ,1.33240467852747  ,"SBBR"        ,"delay_arrival" ,   11.2212129929688  ,0.814570130386591
"SBBU"    ,     1 ,   2705 ,   16.9615526802218  ,28.6830646168282 ,             0 ,   11.44896073903    ,     0      ,          0 ,        572 ,          572 ,4.70847031227032 ,59.5407578228674 ,0.551495428199217 ,"SBBU"        ,"delay_arrival" ,   16.9615526802218  ,0.601109057301294
"SBBV"    ,     8 ,  26055 , 4531.25616838823    ,217777.421680458 ,             0 ,    6.7300365408039  ,     0      ,          0 ,   10519657 ,     10519657 ,48.2595891174023 ,2327.08291492805 ,1349.17197992893  ,"SBBV"        ,"delay_arrival" , 4531.25616838823    ,0.731709218475931
"SBBW"    ,     3 ,   1252 ,   13.0177902621723  ,37.7320581441666 ,             0 ,    4.2803738317757  ,     0      ,          0 ,        378 ,          378 ,5.53099602177248 ,37.6275815742292 ,1.06637101143147  ,"SBBW"        ,"delay_arrival" ,   13.0177902621723  ,0.807116104868914
"SBCA"    ,     3 ,  15182 ,   13.7927296379273  ,155.076764684831 ,             0 ,    3.87056273146057 ,     0      ,          0 ,      14398 ,        14398 ,72.3546844807195 ,6014.40310031992 ,1.25858409259543  ,"SBCA"        ,"delay_arrival" ,   13.7927296379273  ,0.793958227939582
"SBCB"    ,     6 ,   4218 ,   10.8771367521368  ,75.8300525472545 ,             0 ,    1.81272241992883 ,     0      ,          0 ,       1810 ,         1810 ,18.3270164261751 ,378.615074679012 ,1.16758382319704  ,"SBCB"        ,"delay_arrival" ,   10.8771367521368  ,0.861823361823362
"SBCF"    ,     9 , 692107 ,    9.26860738292337 ,118.778651608744 ,             0 ,    2.32616312139521 ,     0      ,          0 ,      14482 ,        14482 ,107.545947406959 ,12561.9511289458 ,0.142774868859302 ,"SBCF"        ,"delay_arrival" ,    9.26860738292337 ,0.834732793312236
"SBCG"    ,     7 , 139615 ,   37.646944163618   ,9930.59557705328 ,             0 ,    3.54424372460066 ,     0      ,          0 ,    3682119 ,      3682119 ,370.749071662309 ,137463.876862146 ,26.577201879483   ,"SBCG"        ,"delay_arrival" ,   37.646944163618   ,0.799383232357027
"SBCH"    ,     5 ,  21810 ,   11.3767406492087  ,124.031552348539 ,             0 ,    3.75916354779303 ,     0      ,          0 ,      15894 ,        15894 ,109.174553155745 ,13310.1390197491 ,0.839855066479264 ,"SBCH"        ,"delay_arrival" ,   11.3767406492087  ,0.793593460386864
"SBCJ"    ,     3 ,   9515 ,   13.4621000644192  ,62.5396437107615 ,             0 ,    3.95142243692968 ,     0      ,          0 ,       1330 ,         1330 ,16.0195245429454 ,313.913329777356 ,0.641137244603822 ,"SBCJ"        ,"delay_arrival" ,   13.4621000644192  ,0.789778827571398
"SBCM"    ,     2 ,   3474 ,   10.773387565369   ,151.458877919902 ,             0 ,    1.80755265068991 ,     0      ,          0 ,       8773 ,         8773 ,56.2738173996018 ,3251.40335730781 ,2.56968463646858  ,"SBCM"        ,"delay_arrival" ,   10.773387565369   ,0.84137129575828
"SBCP"    ,     3 ,   7738 ,    9.34067914067914 ,88.5813275786828 ,             0 ,    1.42386973843755 ,     0      ,          0 ,       7181 ,         7181 ,73.6876028101011 ,5952.18024176193 ,1.00699617779504  ,"SBCP"        ,"delay_arrival" ,    9.34067914067914 ,0.864726264726265
"SBCR"    ,     3 ,   4596 ,   10.3860689958251  ,26.8365040744769 ,             0 ,    3.42680582257622 ,     0      ,          0 ,        310 ,          310 ,3.97423007144026 ,21.3510810299778 ,0.395854813930304 ,"SBCR"        ,"delay_arrival" ,   10.3860689958251  ,0.801362337947704
"SBCT"    ,     9 , 609175 ,   14.7012772402188  ,1591.10876338076 ,             0 ,    3.21147454774925 ,     0      ,          0 ,    1052615 ,      1052615 ,561.155791761794 ,344812.906308842 ,2.0385850347511   ,"SBCT"        ,"delay_arrival" ,   14.7012772402188  ,0.807569204880101
"SBCX"    ,     3 ,   4745 ,    8.22287257991896 ,18.1962911472846 ,             0 ,    3.80050647158132 ,     0      ,          0 ,        194 ,          194 ,3.76154011128587 ,20.4497697816189 ,0.264158608801913 ,"SBCX"        ,"delay_arrival" ,    8.22287257991896 ,0.80099054479964
"SBCY"    ,     7 , 204894 ,   23.4546826819471  ,4306.59486325024 ,             0 ,    3.65540335044348 ,     0      ,          0 ,    1931092 ,      1931092 ,447.669959575054 ,200728.131712645 ,9.51413692922101  ,"SBCY"        ,"delay_arrival" ,   23.4546826819471  ,0.796892611884344
"SBCZ"    ,     4 ,   6736 ,   14.3995029512271  ,205.423667317966 ,             0 ,    2.19856366459627 ,     0      ,          0 ,      15859 ,        15859 ,71.629881572514  ,5496.92671795161 ,2.50293423690949  ,"SBCZ"        ,"delay_arrival" ,   14.3995029512271  ,0.833488661074868
"SBDN"    ,     5 ,  24195 ,   15.5059684251059  ,872.249620814191 ,             0 ,    3.55527033531205 ,     0      ,          0 ,     132517 ,       132517 ,150.170198881541 ,22782.8959704442 ,5.60761225384946  ,"SBDN"        ,"delay_arrival" ,   15.5059684251059  ,0.798442647499251
"SBEG"    ,     9 , 234414 ,  542.240740905058   ,73562.5869234386 ,             0 ,    5.51193988464952 ,     0      ,          0 ,   10519528 ,     10519528 ,142.722314516971 ,20399.5276269812 ,151.937585483205  ,"SBEG"        ,"delay_arrival" ,  542.240740905058   ,0.757395740905058
"SBEK"    ,     1 ,      1 ,   40                ,NA               ,            40 ,   40                ,     0      ,         40 ,         40 ,            0 ,NA               ,NA               ,NA                ,"SBEK"        ,"delay_arrival" ,   40                ,0
"SBFI"    ,     7 , 112142 ,   10.6662506309365  ,73.5142721006967 ,             0 ,    3.68935335482317 ,     0      ,          0 ,      14425 ,        14425 ,148.286135865877 ,27872.0393153428 ,0.219526782805223 ,"SBFI"        ,"delay_arrival" ,   10.6662506309365  ,0.798806956362135
"SBFL"    ,     9 , 266238 ,   10.816714403242   ,87.2608620842974 ,             0 ,    3.77443558907266 ,     0      ,          0 ,      14461 ,        14461 ,131.450360006324 ,20657.4791064923 ,0.169115914399871 ,"SBFL"        ,"delay_arrival" ,   10.816714403242   ,0.792048813187483
"SBFN"    ,     5 ,  27049 ,    9.20969449485783 ,102.369097440586 ,             0 ,    2.015595463138   ,     0      ,          0 ,      14399 ,        14399 ,118.178922435104 ,15675.3620539768 ,0.622433942179845 ,"SBFN"        ,"delay_arrival" ,    9.20969449485783 ,0.848230490018149
"SBFZ"    ,     8 , 393173 ,   31.7919119317595  ,11053.194422546  ,             0 ,    3.79548843063221 ,     0      ,          0 ,    6838579 ,      6838579 ,611.975891178814 ,378305.918524938 ,17.6277127968309  ,"SBFZ"        ,"delay_arrival" ,   31.7919119317595  ,0.794374909639176
"SBGL"    ,    10 , 796696 ,   14.1179769678808  ,1883.55020699778 ,             0 ,    3.53111206992986 ,     0      ,          0 ,    1578318 ,      1578318 ,780.206714799612 ,638110.435417249 ,2.11023529539949  ,"SBGL"        ,"delay_arrival" ,   14.1179769678808  ,0.797806732701621
"SBGO"    ,     8 , 221531 ,   10.6444575444543  ,104.785177147643 ,             0 ,    3.4665615087475  ,     0      ,          0 ,      14417 ,        14417 ,109.527174864811 ,14023.9368336287 ,0.22262944209451  ,"SBGO"        ,"delay_arrival" ,   10.6444575444543  ,0.802489718283264
"SBGR"    ,    10 ,1344118 ,   12.3526738189685  ,1381.46895555756 ,             0 ,    2.97874420856493 ,     0      ,          0 ,    1578264 ,      1578264 ,1134.73042415941 ,1296250.90678487 ,1.19157787671151  ,"SBGR"        ,"delay_arrival" ,   12.3526738189685  ,0.817644458208952
"SBGU"    ,     1 ,     69 ,   17.8405797101449  ,36.1783259735332 ,             0 ,    9.43859649122807 ,     0      ,          0 ,        171 ,          171 ,2.44612407552759 ,5.76605857439348 ,4.35535863553884  ,"SBGU"        ,"delay_arrival" ,   17.8405797101449  ,0.710144927536232
"SBHT"    ,     3 ,  20336 , 2261.68173807965    ,150432.592034531 ,             0 ,    2.45773805777582 ,     0      ,          0 ,   10519277 ,     10519277 ,69.086985106469  ,4812.91606217066 ,1054.89484996565  ,"SBHT"        ,"delay_arrival" , 2261.68173807965    ,0.821559840894215
"SBIH"    ,     3 ,   4604 ,   16.5881042548452  ,55.9607773514202 ,             0 ,    4.65599777344837 ,     0      ,          0 ,       1455 ,         1455 ,9.64914728495228 ,158.488307594749 ,0.82473814418108  ,"SBIH"        ,"delay_arrival" ,   16.5881042548452  ,0.785252840276231
"SBIL"    ,     5 ,  49268 ,   10.1917901655609  ,124.930031130869 ,             0 ,    3.00862937604961 ,     0      ,          0 ,      14395 ,        14395 ,102.309169798774 ,11307.1713044337 ,0.562839257986904 ,"SBIL"        ,"delay_arrival" ,   10.1917901655609  ,0.809387982885844
"SBIP"    ,     3 ,  10571 ,   11.6289978678038  ,179.604202662279 ,             0 ,    2.07207207207207 ,     0      ,          0 ,      14388 ,        14388 ,65.1704268802041 ,4689.41300574317 ,1.74686143988777  ,"SBIP"        ,"delay_arrival" ,   11.6289978678038  ,0.845466544826886
"SBIZ"    ,     2 ,  19037 ,   12.4381156316916  ,142.167200695778 ,             0 ,    4.49765792291221 ,     0      ,          0 ,      14434 ,        14434 ,76.6932639452569 ,6713.35267189982 ,1.03038649339434  ,"SBIZ"        ,"delay_arrival" ,   12.4381156316916  ,0.767344753747323
"SBJE"    ,     1 ,     32 ,    4.34375          ,21.4981010039071 ,             0 ,    0                ,     0      ,          0 ,        121 ,          121 ,4.99192331284228 ,24.0998156677372 ,3.80036325062402  ,"SBJE"        ,"delay_arrival" ,    4.34375          ,0.9375
"SBJF"    ,     2 ,   6365 ,   17.3167349511503  ,186.223562807714 ,             0 ,    5.22174084285152 ,     0      ,          0 ,      14467 ,        14467 ,73.7389798097078 ,5709.9116900148  ,2.33418582453079  ,"SBJF"        ,"delay_arrival" ,   17.3167349511503  ,0.77340056728648
"SBJP"    ,     6 ,  59397 ,   11.8822456599164  ,108.621129756041 ,             0 ,    3.06333741961847 ,     0      ,          0 ,      14381 ,        14381 ,60.5949768108813 ,6333.99391458394 ,0.445689148702945 ,"SBJP"        ,"delay_arrival" ,   11.8822456599164  ,0.822284544312727
"SBJR"    ,     1 ,   1737 ,   17.4741185296324  ,27.7142805998301 ,             5 ,   11.3036551077788  ,     7.413  ,          0 ,        260 ,          260 ,2.59462027029772 ,9.58047792672704 ,0.664972523214223 ,"SBJR"        ,"delay_arrival" ,   17.4741185296324  ,0.670667666916729
"SBJU"    ,     5 ,  22844 ,    9.54138842827052 ,111.569997665854 ,             0 ,    2.64999159710941 ,     0      ,          0 ,      14399 ,        14399 ,108.557148584696 ,13185.8299820445 ,0.73817842581349  ,"SBJU"        ,"delay_arrival" ,    9.54138842827052 ,0.829337157710752
"SBJV"    ,     6 ,  27237 ,    8.86706914227133 ,49.5854532937995 ,             0 ,    3.27782259978169 ,     0      ,          0 ,       7188 ,         7188 ,115.746090068503 ,16683.5446097348 ,0.300451690796478 ,"SBJV"        ,"delay_arrival" ,    8.86706914227133 ,0.804457607168622
"SBKG"    ,     6 ,  11740 ,   10.8075187969925  ,28.6907936181264 ,             0 ,    3.97258153676064 ,     0      ,          0 ,        946 ,          946 ,7.02448823858344 ,125.532318091223 ,0.264794227337321 ,"SBKG"        ,"delay_arrival" ,   10.8075187969925  ,0.792038920831491
"SBKP"    ,     8 , 682423 ,   23.1268695606857  ,7232.86052239629 ,             0 ,    1.85517164742444 ,     0      ,          0 ,    4733366 ,      4733366 ,591.824695905949 ,357871.22454236  ,8.75554657277354  ,"SBKP"        ,"delay_arrival" ,   23.1268695606857  ,0.851849864965529
"SBLE"    ,     2 ,    638 ,   11.0166666666667  ,33.8749993582991 ,             0 ,    3.60208333333333 ,     0      ,          0 ,        548 ,          548 ,8.27706356723169 ,108.821673468297 ,1.34112406739473  ,"SBLE"        ,"delay_arrival" ,   11.0166666666667  ,0.808333333333333
"SBLO"    ,     7 , 107176 ,   10.6240655411735  ,73.152192720502  ,             0 ,    3.43905790693784 ,     0      ,          0 ,      14387 ,        14387 ,154.864801816403 ,29401.6952690809 ,0.223449082809894 ,"SBLO"        ,"delay_arrival" ,   10.6240655411735  ,0.801225551115615
"SBLP"    ,     1 ,    294 ,   18.7414965986395  ,253.04854148412  ,             0 ,    1.73728813559322 ,     0      ,          0 ,       4340 ,         4340 ,16.9380532519331 ,286.25331342841  ,14.7580906378952  ,"SBLP"        ,"delay_arrival" ,   18.7414965986395  ,0.836734693877551
"SBMA"    ,     5 ,  40580 , 1330.30321300274    ,117887.444900786 ,             0 ,    3.2142744999529  ,     0      ,          0 ,   10519260 ,     10519260 ,89.2064937716518 ,7955.99900728581 ,585.209723546325  ,"SBMA"        ,"delay_arrival" , 1330.30321300274    ,0.799733715175723
"SBMD"    ,     2 ,   1205 ,   29.0817347789825  ,69.9026271833776 ,             0 ,   15.0364203954214  ,     0      ,          0 ,        985 ,          985 ,7.35038195316046 ,82.7683403674535 ,2.01372413343833  ,"SBMD"        ,"delay_arrival" ,   29.0817347789825  ,0.618849040867389
"SBME"    ,     2 ,   8780 ,    8.44531707888876 ,27.0403875790283 ,             0 ,    1.45846153846154 ,     0      ,          0 ,        558 ,          558 ,5.3015919270622  ,43.7417139529987 ,0.288579618039929 ,"SBME"        ,"delay_arrival" ,    8.44531707888876 ,0.863204782557731
"SBMG"    ,     5 ,  50534 ,   11.294605637016   ,153.794588967872 ,             0 ,    3.6548541801685  ,     0      ,          0 ,      28840 ,        28840 ,155.979534937849 ,27307.3649672347 ,0.684146670470163 ,"SBMG"        ,"delay_arrival" ,   11.294605637016   ,0.796627745401
"SBMK"    ,     4 ,  26037 ,   10.9796842442699  ,140.038398818521 ,             0 ,    2.76660322548332 ,     0      ,          0 ,      14413 ,        14413 ,92.5427375339117 ,9213.73349500158 ,0.867863982422705 ,"SBMK"        ,"delay_arrival" ,   10.9796842442699  ,0.824210610674788
"SBML"    ,     2 ,   1897 ,   10.9208083014746  ,43.5348081148597 ,             0 ,    3.58498293515358 ,     0      ,          0 ,       1502 ,         1502 ,22.9341243967377 ,753.434238843173 ,0.999546422594406 ,"SBML"        ,"delay_arrival" ,   10.9208083014746  ,0.795740032768979
"SBMN"    ,     1 ,      1 ,    0                ,NA               ,             0 ,    0                ,     0      ,          0 ,          0 ,            0 ,NA               ,NA               ,NA                ,"SBMN"        ,"delay_arrival" ,    0                ,1
"SBMO"    ,    10 , 137303 ,   10.7866268249461  ,158.733852376057 ,             0 ,    3.10151536215765 ,     0      ,          0 ,      44655 ,        44655 ,195.539497102405 ,49022.3120478621 ,0.428380351863654 ,"SBMO"        ,"delay_arrival" ,   10.7866268249461  ,0.816604506662119
"SBMQ"    ,     7 ,  56030 , 2640.38575581395    ,163077.911095242 ,             0 ,    5.46393531976744 ,     0      ,          0 ,   10519359 ,     10519359 ,63.8057784658633 ,4095.0087351185  ,688.945437823773  ,"SBMQ"        ,"delay_arrival" , 2640.38575581395    ,0.754396802325581
"SBMS"    ,     3 ,   1398 ,    7.26178390137781 ,24.243600685003  ,             0 ,    1.53031674208145 ,     0      ,          0 ,        397 ,          397 ,6.72887754085166 ,68.3474082215063 ,0.648400791699542 ,"SBMS"        ,"delay_arrival" ,    7.26178390137781 ,0.873821609862219
"SBMY"    ,     2 ,    124 ,   24.2567567567568  ,48.3962131459841 ,             5 ,   11.05             ,     7.413  ,          0 ,        207 ,          207 ,2.55565493414925 ,5.5086944401677  ,4.34610823951833  ,"SBMY"        ,"delay_arrival" ,   24.2567567567568  ,0.689189189189189
"SBNF"    ,     6 ,  81162 ,    9.96819080448117 ,109.448871730459 ,             0 ,    3.61829932834875 ,     0      ,          0 ,      14398 ,        14398 ,104.671800940018 ,12516.7355457293 ,0.384180147310762 ,"SBNF"        ,"delay_arrival" ,    9.96819080448117 ,0.800337101434582
"SBNM"    ,     2 ,    820 ,   13.2243107769424  ,35.6337646044905 ,             0 ,    5.578125         ,     0      ,          0 ,        449 ,          449 ,6.25824130188671 ,53.6202458704364 ,1.24438503760489  ,"SBNM"        ,"delay_arrival" ,   13.2243107769424  ,0.766917293233083
"SBNT"    ,     6 ,  99859 ,   13.8900786297391  ,142.091429913362 ,             0 ,    5.34527789254905 ,     0      ,          0 ,      43225 ,        43225 ,282.012956878998 ,85670.22496889   ,0.449649669355713 ,"SBNT"        ,"delay_arrival" ,   13.8900786297391  ,0.75529623879401
"SBOI"    ,     1 ,      1 ,   32                ,NA               ,            32 ,   32                ,     0      ,         32 ,         32 ,            0 ,NA               ,NA               ,NA                ,"SBOI"        ,"delay_arrival" ,   32                ,0
"SBPA"    ,    10 , 546929 ,   15.1853402438069  ,2160.30094294356 ,             0 ,    4.05207555970149 ,     0      ,          0 ,    1578327 ,      1578327 ,727.60964633575  ,531556.123631448 ,2.92111583737451  ,"SBPA"        ,"delay_arrival" ,   15.1853402438069  ,0.785418975443938
"SBPB"    ,     2 ,   1354 ,    9.08288148721921 ,32.9276177251701 ,             0 ,    1.69796708615682 ,     0      ,          0 ,        502 ,          502 ,7.23390678438474 ,70.704243161854  ,0.894851517623461 ,"SBPB"        ,"delay_arrival" ,    9.08288148721921 ,0.852827265685515
"SBPC"    ,     4 ,     25 ,    0                ,0                ,             0 ,    0                ,     0      ,          0 ,          0 ,            0 ,NA               ,NA               ,0                 ,"SBPC"        ,"delay_arrival" ,    0                ,1
"SBPF"    ,     3 ,   5465 ,   12.0360377722104  ,33.8205622083829 ,             0 ,    3.34408861064291 ,     0      ,          0 ,        317 ,          317 ,4.17725731310435 ,19.4695789414517 ,0.457494354869675 ,"SBPF"        ,"delay_arrival" ,   12.0360377722104  ,0.809982655617653
"SBPG"    ,     1 ,    180 ,    5.44242424242424 ,15.4159212580227 ,             0 ,    1.58646616541353 ,     0      ,          0 ,        113 ,          113 ,3.98774914573294 ,18.8544756402459 ,1.14903492895742  ,"SBPG"        ,"delay_arrival" ,    5.44242424242424 ,0.848484848484849
"SBPJ"    ,     6 ,  37183 ,   11.5749301637728  ,121.844108312667 ,             0 ,    4.32948788169245 ,     0      ,          0 ,      14396 ,        14396 ,101.387762660257 ,11297.2787535279 ,0.631876669959432 ,"SBPJ"        ,"delay_arrival" ,   11.5749301637728  ,0.776387139179493
"SBPK"    ,     3 ,   3800 ,    8.7193376368229  ,123.101856980003 ,             0 ,    1.576289021396   ,     0      ,          0 ,       7224 ,         7224 ,56.5791480654884 ,3309.62170332337 ,1.99697581831319  ,"SBPK"        ,"delay_arrival" ,    8.7193376368229  ,0.868930676396295
"SBPL"    ,     6 ,  31810 ,   17.3647289437321  ,150.150730909391 ,             0 ,    3.70538619110736 ,     0      ,          0 ,      14483 ,        14483 ,63.2918395753293 ,5663.66515379509 ,0.841871128835983 ,"SBPL"        ,"delay_arrival" ,   17.3647289437321  ,0.794755615540345
"SBPP"    ,     2 ,    379 ,   11.2920110192837  ,22.8325060777378 ,             2 ,    6.02061855670103 ,     2.9652 ,          0 ,        228 ,          228 ,4.38715397121837 ,28.3399538847882 ,1.172827058075    ,"SBPP"        ,"delay_arrival" ,   11.2920110192837  ,0.78236914600551
"SBPS"    ,     7 ,  75015 ,    7.54759196582145 ,48.0470536802692 ,             0 ,    1.83131046918889 ,     0      ,          0 ,       7193 ,         7193 ,104.214579932322 ,14766.9481715473 ,0.175425492476759 ,"SBPS"        ,"delay_arrival" ,    7.54759196582145 ,0.857085390889419
"SBPV"    ,     6 ,  80942 ,   25.7507060793109  ,281.365379973509 ,             0 ,    5.45250075877382 ,     0      ,          0 ,      44681 ,        44681 ,110.628207686465 ,16574.8262099358 ,0.98897131226111  ,"SBPV"        ,"delay_arrival" ,   25.7507060793109  ,0.757338751932932
"SBQV"    ,     2 ,  17605 ,   18.5960345527277  ,150.880265971395 ,             0 ,    6.6114774291718  ,     0      ,          0 ,      14392 ,        14392 ,69.1989384915371 ,5674.68172871154 ,1.13714128230219  ,"SBQV"        ,"delay_arrival" ,   18.5960345527277  ,0.737028233520784
"SBRB"    ,     7 ,  41199 ,   58.2851901183685  ,7913.29389895132 ,             0 ,    6.57606885935978 ,     0      ,          0 ,    1578360 ,      1578360 ,199.394844624803 ,39766.1292382471 ,38.986473966469   ,"SBRB"        ,"delay_arrival" ,   58.2851901183685  ,0.735869920333744
"SBRF"    ,    10 , 564835 ,   22.829639104581   ,9189.52556602573 ,             0 ,    2.66965171661044 ,     0      ,          0 ,    6838581 ,      6838581 ,743.510700273677 ,553284.10087901  ,12.2273484963625  ,"SBRF"        ,"delay_arrival" ,   22.829639104581   ,0.827295557544093
"SBRJ"    ,     6 , 830792 ,   11.1160400498216  ,2410.47476504889 ,             0 ,    2.0744268006845  ,     0      ,          0 ,    2103901 ,      2103901 ,833.58978157549  ,719176.731752301 ,2.64457833831767  ,"SBRJ"        ,"delay_arrival" ,   11.1160400498216  ,0.840564825433192
"SBRP"    ,     6 , 111070 ,   13.3044686464941  ,81.3659477002172 ,             0 ,    4.1948095995509  ,     0      ,          0 ,      14443 ,        14443 ,123.911058015246 ,20125.8617772026 ,0.244143013736863 ,"SBRP"        ,"delay_arrival" ,   13.3044686464941  ,0.78557794868916
"SBSG"    ,     9 ,  59632 ,    9.31392844007776 ,379.612301366883 ,             0 ,    2.23154046540137 ,     0      ,          0 ,      87836 ,        87836 ,218.923547302664 ,50249.9074734695 ,1.55453530459497  ,"SBSG"        ,"delay_arrival" ,    9.31392844007776 ,0.862694618119407
"SBSJ"    ,     7 ,   9981 ,   11.987795037321   ,34.6127858359725 ,             0 ,    3.65771558245083 ,     0      ,          0 ,       1540 ,         1540 ,11.5707252798391 ,396.143216433739 ,0.346457149138894 ,"SBSJ"        ,"delay_arrival" ,   11.987795037321   ,0.79574339318136
"SBSL"    ,     7 , 135541 ,   10.6973181229871  ,92.1890350380544 ,             0 ,    3.48962507289726 ,     0      ,          0 ,      14419 ,        14419 ,111.97811313313  ,15406.0881796441 ,0.250405536188002 ,"SBSL"        ,"delay_arrival" ,   10.6973181229871  ,0.802478704511934
"SBSM"    ,     3 ,   7526 ,   12.6990625861594  ,89.8741127126834 ,             0 ,    4.48483804272915 ,     0      ,          0 ,       7180 ,         7180 ,70.2462739969392 ,5574.9363559461  ,1.03598271357128  ,"SBSM"        ,"delay_arrival" ,   12.6990625861594  ,0.767576509511993
"SBSN"    ,     5 ,  57934 ,  198.613168433867   ,44185.6916985354 ,             0 ,    2.70252508545595 ,     0      ,          0 ,   10519252 ,     10519252 ,238.038806461323 ,56665.6026281976 ,183.575576392112  ,"SBSN"        ,"delay_arrival" ,  198.613168433867   ,0.821192286656904
"SBSP"    ,     9 ,1527176 ,   11.0716499516394  ,1356.33688857527 ,             0 ,    3.20950841748606 ,     0      ,          0 ,    1578303 ,      1578303 ,1083.89569035185 ,1231273.25839544 ,1.09754675061095  ,"SBSP"        ,"delay_arrival" ,   11.0716499516394  ,0.806265116828289
"SBSR"    ,     5 ,  39109 ,    9.93340962925505 ,102.786005540259 ,             0 ,    2.68611730263815 ,     0      ,          0 ,      14444 ,        14444 ,101.225677004411 ,12251.1259353735 ,0.519751358557624 ,"SBSR"        ,"delay_arrival" ,    9.93340962925505 ,0.832219945173396
"SBSV"    ,     9 , 613188 ,   11.4976435073364  ,683.416878495634 ,             0 ,    3.19944548398929 ,     0      ,          0 ,     527075 ,       527075 ,760.619948137172 ,586447.192946897 ,0.872748029370098 ,"SBSV"        ,"delay_arrival" ,   11.4976435073364  ,0.808904442274633
"SBTC"    ,     2 ,    205 ,    4.70792079207921 ,13.7312092003271 ,             0 ,    1.24074074074074 ,     0      ,          0 ,        122 ,          122 ,4.87798905213204 ,31.1608382471348 ,0.959029250305841 ,"SBTC"        ,"delay_arrival" ,    4.70792079207921 ,0.886138613861386
"SBTE"    ,     6 ,  90559 ,   12.2428391987977  ,109.647705244745 ,             0 ,    3.45987887963664 ,     0      ,          0 ,      14420 ,        14420 ,80.5772841886729 ,8942.12482129248 ,0.364362554268498 ,"SBTE"        ,"delay_arrival" ,   12.2428391987977  ,0.804095731556871
"SBTF"    ,     3 ,   7470 ,   11.0262761735322  ,170.83865891404  ,             0 ,    1.53377800581495 ,     0      ,          0 ,      14386 ,        14386 ,81.5595619401726 ,6857.36210303225 ,1.97663213971036  ,"SBTF"        ,"delay_arrival" ,   11.0262761735322  ,0.84863829204872
"SBTT"    ,     2 ,   5462 ,   11.2611111111111  ,109.351044876673 ,             0 ,    1.48287037037037 ,     0      ,          0 ,       7197 ,         7197 ,55.5174614815977 ,3520.39497986715 ,1.47960942571288  ,"SBTT"        ,"delay_arrival" ,   11.2611111111111  ,0.858888888888889
"SBTU"    ,     2 ,   4683 ,16087.189041694      ,410930.627353695 ,             0 ,    3.94815825375171 ,     0      ,          0 ,   10519269 ,     10519269 ,25.514771614757  ,649.145280083188 ,6004.90902633356  ,"SBTU"        ,"delay_arrival" ,16087.189041694      ,0.796550971403624
"SBUA"    ,     2 ,    308 ,    7.52988047808765 ,19.2929547655526 ,             0 ,    3.02985074626866 ,     0      ,          0 ,        166 ,          166 ,4.58782774347793 ,27.336210762135  ,1.09931812334604  ,"SBUA"        ,"delay_arrival" ,    7.52988047808765 ,0.824701195219124
"SBUF"    ,     2 ,   1033 ,    7.65368852459016 ,23.9242168206902 ,             0 ,    1.54347826086957 ,     0      ,          0 ,        226 ,          226 ,4.92974371952252 ,30.2869135507441 ,0.744367784323203 ,"SBUF"        ,"delay_arrival" ,    7.65368852459016 ,0.862704918032787
"SBUG"    ,     3 ,   1697 ,   19.4557867360208  ,39.201425802762  ,             0 ,   10.3222402597403  ,     0      ,          0 ,        343 ,          343 ,3.79834029394795 ,18.2023328723027 ,0.951614261346491 ,"SBUG"        ,"delay_arrival" ,   19.4557867360208  ,0.642392717815345
"SBUL"    ,     7 ,  82865 ,   11.6433589912581  ,94.9891561302144 ,             0 ,    3.57396440506722 ,     0      ,          0 ,      14423 ,        14423 ,109.794415158349 ,14814.797870366  ,0.329980641226888 ,"SBUL"        ,"delay_arrival" ,   11.6433589912581  ,0.802989417660445
"SBUR"    ,     3 ,  16410 ,   15.9394252502422  ,347.355164427583 ,             0 ,    3.72935668738397 ,     0      ,          0 ,      40485 ,        40485 ,106.765769488526 ,12087.4075924647 ,2.711561567387    ,"SBUR"        ,"delay_arrival" ,   15.9394252502422  ,0.799677106877624
"SBUY"    ,     2 ,    599 ,   45.9725158562368  ,55.8281382698947 ,            25 ,   34.9261213720317  ,    31.1346 ,          0 ,        373 ,          373 ,2.26710108275694 ,6.53562726163609 ,2.28107589012253  ,"SBUY"        ,"delay_arrival" ,   45.9725158562368  ,0.367864693446089
"SBVH"    ,     3 ,   6322 ,    7.82202304737516 ,26.2952114395382 ,             0 ,    1.392            ,     0      ,          0 ,        367 ,          367 ,5.89901266612914 ,46.817063907868  ,0.330711594766984 ,"SBVH"        ,"delay_arrival" ,    7.82202304737516 ,0.854993597951344
"SBVT"    ,     7 , 235962 ,    8.90650129243869 ,113.815761051674 ,             0 ,    2.41067830941249 ,     0      ,          0 ,      43275 ,        43275 ,271.782828356447 ,94460.8141440676 ,0.234304900750081 ,"SBVT"        ,"delay_arrival" ,    8.90650129243869 ,0.834320220692052
